INSERT INTO "AttributeMaster"
("AttributeMasterId", "AttributeName", "AddedByAdminId")
VALUES
(1,'Brand',1),
(2,'Color',1),
(3,'Size',1),
(4,'Storage',1),
(5,'RAM',1),
(6,'Screen Size',1),
(7,'Volume',1),
(8,'Material',1),
(9,'Weight',1),
(10,'Skin Type',1),
(11,'Capacity',1),
(12,'Processor',1),
(13,'Operating System',1),
(14,'Display Type',1),
(15,'Battery Capacity',1),
(16,'Gender',1),
(17,'Author',1);

INSERT INTO "ProductCategory"
("ProductCategoryId", "ProductCategoryName", "AddedByAdminId")
VALUES
(1, 'Electronics', 1),
(2, 'Fashion', 1),
(3, 'Beauty & Personal Care', 1),
(4, 'Home & Kitchen', 1),
(5, 'Books', 1),
(6, 'Sports & Fitness', 1);

INSERT INTO "ProductSubCategory"
(
    "ProductSubCategoryId",
    "ProductSubCategoryName",
    "ProductCategoryId",
    "CommissionPercentage",
    "AddedByAdminId"
)
VALUES
(1,'Mobile Phones',1,5.00,1),
(2,'Laptops',1,6.00,1),
(3,'Tablets',1,5.50,1),
(4,'Smart Watches',1,7.00,1),
(5,'Headphones',1,8.00,1),
(6,'Speakers',1,8.00,1),

(7,'T-Shirts',2,12.00,1),
(8,'Shirts',2,12.00,1),
(9,'Jeans',2,13.00,1),
(10,'Trousers',2,13.00,1),
(11,'Shoes',2,15.00,1),
(12,'Sandals',2,15.00,1),

(13,'Face Wash',3,18.00,1),
(14,'Moisturizer',3,18.00,1),
(15,'Shampoo',3,20.00,1),
(16,'Conditioner',3,20.00,1),
(17,'Sunscreen',3,18.00,1),
(18,'Perfumes',3,22.00,1),

(19,'Cookware',4,10.00,1),
(20,'Furniture',4,12.00,1),
(21,'Storage Containers',4,10.00,1),
(22,'Home Decor',4,15.00,1),
(23,'Bedsheets',4,14.00,1),
(24,'Kitchen Appliances',4,8.00,1),

(25,'Academic Books',5,5.00,1),
(26,'Novels',5,8.00,1),
(27,'Comics',5,8.00,1),
(28,'Biographies',5,8.00,1),

(29,'Cricket Equipment',6,10.00,1),
(30,'Football Equipment',6,10.00,1),
(31,'Gym Equipment',6,12.00,1),
(32,'Yoga Accessories',6,12.00,1);

INSERT INTO "ProductSubCategoryAttribute"
("ProductSubCategoryAttributeId", "ProductSubCategoryId", "AttributeMasterId", "AddedByAdminId")
VALUES
(1,1,1,1),(2,1,2,1),(3,1,4,1),(4,1,5,1),(5,1,6,1),(6,1,15,1),
(7,2,1,1),(8,2,4,1),(9,2,5,1),(10,2,12,1),(11,2,13,1),
(12,3,1,1),(13,3,2,1),(14,3,4,1),(15,3,5,1),(16,3,6,1),(17,3,13,1),(18,3,15,1),
(19,4,1,1),(20,4,2,1),(21,4,15,1),
(22,5,1,1),(23,5,2,1),(24,5,9,1),(25,5,15,1),
(26,6,1,1),(27,6,2,1),(28,6,9,1),(29,6,15,1),
(30,7,1,1),(31,7,2,1),(32,7,3,1),(33,7,8,1),(34,7,16,1),
(35,8,1,1),(36,8,2,1),(37,8,3,1),(38,8,8,1),(39,8,16,1),
(40,9,1,1),(41,9,2,1),(42,9,3,1),(43,9,8,1),(44,9,16,1),
(45,10,1,1),(46,10,2,1),(47,10,3,1),(48,10,8,1),(49,10,16,1),
(50,11,1,1),(51,11,2,1),(52,11,3,1),(53,11,8,1),(54,11,16,1),
(55,12,1,1),(56,12,2,1),(57,12,3,1),(58,12,8,1),(59,12,16,1),
(60,13,1,1),(61,13,7,1),(62,13,10,1),
(63,14,1,1),(64,14,7,1),(65,14,10,1),
(66,15,1,1),(67,15,7,1),
(68,16,1,1),(69,16,7,1),
(70,17,1,1),(71,17,7,1),(72,17,10,1),
(73,18,1,1),(74,18,7,1),
(75,19,1,1),(76,19,8,1),(77,19,11,1),
(78,20,1,1),(79,20,8,1),(80,20,9,1),
(81,21,1,1),(82,21,8,1),(83,21,11,1),
(84,22,1,1),(85,22,8,1),(86,22,2,1),
(87,23,1,1),(88,23,2,1),(89,23,3,1),(90,23,8,1),
(91,24,1,1),(92,24,9,1),(93,24,11,1),
(94,25,1,1),(95,25,17,1),
(96,26,1,1),(97,26,17,1),
(98,27,1,1),(99,27,17,1),
(100,28,1,1),(101,28,17,1),
(102,29,1,1),(103,29,8,1),(104,29,9,1),
(105,30,1,1),(106,30,8,1),(107,30,9,1),
(108,31,1,1),(109,31,8,1),(110,31,9,1),
(111,32,1,1),(112,32,8,1),(113,32,9,1);